interface_id|reference_date|volumetry
238|2025-07-01|49588
238|2025-07-02|49592
238|2025-07-03|47900
238|2025-07-06|113550
238|2025-07-07|54553
238|2025-07-08|66404
238|2025-07-09|64738
238|2025-07-10|69084
238|2025-07-13|113759
238|2025-07-14|42850
238|2025-07-15|18236
238|2025-07-16|107127
238|2025-07-17|59868
238|2025-07-20|113715
238|2025-07-21|60532
238|2025-07-22|67279
238|2025-07-23|82513
238|2025-07-24|47288
238|2025-07-27|130732
238|2025-07-28|54139
238|2025-07-29|62300
238|2025-07-30|67005
238|2025-07-31|68036
238|2025-08-03|115610
238|2025-08-04|62227
238|2025-08-05|64427
238|2025-08-06|69644
238|2025-08-07|65923
238|2025-08-10|131740
238|2025-08-11|51144
238|2025-08-12|65785
238|2025-08-13|67459
238|2025-08-14|65502
238|2025-08-17|118018
238|2025-08-18|63089
238|2025-08-19|64127
238|2025-08-20|50915
238|2025-08-21|81026
238|2025-08-24|148288
238|2025-08-25|50947
238|2025-08-26|68193
238|2025-08-27|67667
238|2025-08-28|70012
238|2025-08-31|129538
238|2025-09-01|48851
238|2025-09-02|43552
238|2025-09-03|84091
238|2025-09-04|42477
238|2025-09-07|141974
238|2025-09-08|50379
238|2025-09-09|49450
238|2025-09-10|68578
238|2025-09-11|70633
238|2025-09-14|151138
238|2025-09-15|56281
238|2025-09-16|46255
238|2025-09-17|75624
238|2025-09-18|89616
238|2025-09-21|152556
238|2025-09-22|12642
238|2025-09-23|437764
238|2025-09-24|95733
238|2025-09-25|78545
238|2025-09-28|145803
238|2025-09-29|57118
238|2025-09-30|77890
238|2025-10-01|72685
238|2025-10-02|57172
238|2025-10-05|173578
238|2025-10-06|58466
238|2025-10-07|54606
238|2025-10-08|45406
238|2025-10-20|63791346
238|2025-10-21|66708
238|2025-10-22|74285
238|2025-10-29|73152
238|2025-10-23|70694
238|2025-11-02|181183
238|2025-11-11|33867178
238|2025-11-12|79102
238|2025-11-13|80998
238|2025-11-16|179416
238|2025-11-17|29552
238|2025-11-18|59259
238|2025-11-20|173009
238|2025-11-23|127537
238|2025-11-24|26385
238|2025-11-25|71672
238|2025-11-26|75077
238|2025-11-27|78152
238|2025-11-30|176278
238|2025-12-01|20776
238|2025-12-02|72243
238|2025-12-03|64120
238|2025-12-04|64335
238|2025-12-07|143327
238|2025-12-08|18369
238|2025-12-09|85784
238|2025-12-10|51795
238|2025-12-11|88010
238|2025-12-14|151030
238|2025-12-15|21549
238|2025-12-16|77970
238|2025-12-17|67104
238|2025-12-18|64392
238|2025-12-21|154612
238|2025-12-22|21966
238|2025-12-23|64908
238|2025-12-25|92250
238|2025-12-28|92965
238|2025-12-29|23805
238|2025-12-30|62736
238|2026-01-01|82671
238|2026-01-04|89604
238|2026-01-05|26595
238|2026-01-06|68714
238|2026-01-07|71424
238|2026-01-08|77239
238|2026-01-11|170459
238|2026-01-12|24519
238|2026-01-13|72800
238|2026-01-14|76348
238|2026-01-15|74939
238|2026-01-18|201529
238|2026-01-19|25889
238|2026-01-20|76957
238|2026-01-21|75175
238|2026-01-22|86553
238|2026-01-25|229351
238|2026-01-26|32132
238|2026-01-27|11155
238|2026-01-28|155717
238|2026-01-29|80671
238|2026-02-01|193190
238|2026-02-02|27314
238|2026-02-03|73955
238|2026-02-04|75763
238|2026-02-05|76356
238|2026-02-08|177329
238|2026-02-09|26776
238|2026-02-10|74595
238|2026-02-11|80200
238|2026-02-12|74959
238|2026-02-17|207627
238|2026-02-18|25758
238|2026-02-19|45773
238|2026-02-22|187896
238|2026-02-23|28688
238|2026-02-24|52084
238|2026-02-25|88136
238|2026-02-26|74235
238|2026-03-01|170900
238|2026-03-02|32857
238|2026-03-03|73270
238|2026-03-04|68748
238|2026-03-05|70647
238|2026-03-08|170487
238|2026-03-09|21836
238|2026-03-10|66415
238|2026-03-12|149753
238|2026-03-15|173321
238|2026-03-16|25182
238|2026-03-17|69357
238|2026-03-18|51057
238|2026-03-19|102956
238|2026-03-22|183681
238|2026-03-23|25849
238|2026-03-24|65264
238|2026-03-25|53161
238|2026-03-26|90504
238|2026-03-29|154656
238|2026-03-30|53907
238|2026-03-31|49264
238|2026-04-01|71894
238|2026-04-05|189234
238|2026-04-06|20585
238|2026-04-07|3
238|2026-04-08|135583
238|2026-04-09|52738
238|2026-04-12|170928
238|2026-04-13|20015
239|2025-07-01|11137
239|2025-07-02|9301
239|2025-07-03|9436
239|2025-07-06|14201
239|2025-07-07|8738
239|2025-07-08|9950
239|2025-07-09|9818
239|2025-07-10|8925
239|2025-07-13|15845
239|2025-07-14|8315
239|2025-07-15|10364
239|2025-07-16|11200
239|2025-07-17|10944
239|2025-07-20|17098
239|2025-07-21|8835
239|2025-07-22|12045
239|2025-07-23|13383
239|2025-07-24|10431
239|2025-07-27|20933
239|2025-07-28|9711
239|2025-07-29|12853
239|2025-07-30|11824
239|2025-07-31|11725
239|2025-08-03|17127
239|2025-08-04|10235
239|2025-08-05|10909
239|2025-08-06|10035
239|2025-08-07|10387
239|2025-08-10|16378
239|2025-08-11|4992
239|2025-08-12|525959
239|2025-08-13|45718
239|2025-08-14|10861
239|2025-08-17|21494
239|2025-08-18|5250
239|2025-08-19|12068
239|2025-08-20|9482
239|2025-08-21|12351
239|2025-08-24|21956
239|2025-08-25|22009
239|2025-08-26|13748
239|2025-08-27|11521
239|2025-08-28|12111
239|2025-08-31|23281
239|2025-09-01|4133
239|2025-09-02|5909
239|2025-09-03|16598
239|2025-09-04|5680
239|2025-09-07|26358
239|2025-09-08|5735
239|2025-09-09|10961
239|2025-09-10|10810
239|2025-09-11|10905
239|2025-09-14|20624
239|2025-09-15|4633
239|2025-09-16|6313
239|2025-09-17|10511
239|2025-09-18|15490
239|2025-09-21|23638
239|2025-09-22|4762
239|2025-09-23|7986
239|2025-09-24|17415
239|2025-09-25|11761
239|2025-09-28|22760
239|2025-09-29|4484
239|2025-09-30|14406
239|2025-10-01|11034
239|2025-10-02|12975
239|2025-10-05|17854
239|2025-10-06|5547
239|2025-10-07|10391
239|2025-10-08|9306
239|2025-10-09|66083
239|2025-10-12|14333
239|2025-10-13|13518
239|2025-10-14|14419
239|2025-10-15|14095
239|2025-10-16|13557
239|2025-10-19|23227
239|2025-10-20|1618
239|2025-10-21|13870
239|2025-10-22|12265
239|2025-10-29|13876
239|2025-10-23|12206
239|2025-10-26|23454
239|2025-10-27|1538
239|2025-10-28|14932
239|2025-10-30|13294
239|2025-11-02|24000
239|2025-11-03|1233
239|2025-11-04|14445
239|2025-11-05|12047
239|2025-11-06|9777
239|2025-11-09|20567
239|2025-11-10|1542
239|2025-11-11|8496
239|2025-11-12|15012
239|2025-11-13|11943
239|2025-11-16|22769
239|2025-11-17|1520
239|2025-11-18|7440
239|2025-11-20|27499
239|2025-11-23|13952
239|2025-11-24|234
239|2025-11-25|14535
239|2025-11-26|13394
239|2025-11-27|11794
239|2025-11-30|25852
239|2025-12-01|1313
239|2025-12-02|12981
239|2025-12-03|11497
239|2025-12-04|11523
239|2025-12-07|20352
239|2025-12-08|1092
239|2025-12-11|33375
239|2025-12-14|19279
239|2025-12-15|488
239|2025-12-16|12996
239|2025-12-17|11404
239|2025-12-18|10036
239|2025-12-21|19151
239|2025-12-22|484
239|2025-12-23|12177
239|2025-12-25|12627
239|2025-12-28|7342
239|2025-12-29|309
239|2025-12-30|11991
239|2026-01-01|11112
239|2026-01-04|6783
239|2026-01-05|2718
239|2026-01-06|13707
239|2026-01-07|13020
239|2026-01-08|15859
239|2026-01-11|23002
239|2026-01-12|306
239|2026-01-13|10889
239|2026-01-14|18983
239|2026-01-15|10901
239|2026-01-18|28875
239|2026-01-19|380
239|2026-01-20|17535
239|2026-01-21|14755
239|2026-01-22|14224
239|2026-01-25|28973
239|2026-01-26|1664
239|2026-01-27|19097
239|2026-01-28|16701
239|2026-01-29|16806
239|2026-02-01|30230
239|2026-02-02|1409
239|2026-02-03|12886
239|2026-02-04|18810
239|2026-02-05|15195
239|2026-02-08|26033
239|2026-02-09|1442
239|2026-02-10|17938
239|2026-02-11|16774
239|2026-02-12|17390
239|2026-02-17|31567
239|2026-02-18|1761
239|2026-02-19|11565
239|2026-02-22|29663
239|2026-02-23|1770
239|2026-02-24|9245
239|2026-02-25|14896
239|2026-02-26|12558
239|2026-03-01|35717
239|2026-03-02|1680
239|2026-03-03|15879
239|2026-03-04|14086
239|2026-03-05|12368
239|2026-03-08|24443
239|2026-03-09|838
239|2026-03-10|10742
239|2026-03-12|27823
239|2026-03-15|24382
239|2026-03-16|1561
239|2026-03-17|17003
239|2026-03-18|7925
239|2026-03-19|15708
239|2026-03-22|30760
239|2026-03-23|1154
239|2026-03-24|9577
239|2026-03-25|11088
239|2026-03-26|13482
239|2026-03-29|32690
239|2026-03-30|1979
239|2026-03-31|7563
239|2026-04-01|14335
239|2026-04-05|30772
239|2026-04-06|1527
239|2026-04-07|10771
239|2026-04-08|13032
239|2026-04-09|10061
239|2026-04-12|27277
239|2026-04-13|1695
240|2025-07-01|362
240|2025-08-03|380
240|2025-08-17|8
240|2025-09-01|470
240|2025-09-08|1
240|2025-10-01|285
240|2025-11-03|2536
240|2025-11-10|1
240|2025-12-01|409
240|2026-01-04|2142
240|2026-02-02|555
240|2026-02-19|1
240|2026-03-02|691
240|2026-03-03|1
240|2026-03-15|1
240|2026-03-16|188
240|2026-03-23|1
240|2026-03-30|1
240|2026-04-01|336
241|2025-07-01|56576
241|2025-07-02|55947
241|2025-07-03|56267
241|2025-07-06|102541
241|2025-07-07|53178
241|2025-07-08|57880
241|2025-07-09|58911
241|2025-07-10|59956
241|2025-07-13|107779
241|2025-07-14|51653
241|2025-07-15|45111
241|2025-07-16|80923
241|2025-07-17|61217
241|2025-07-20|101235
241|2025-07-21|65335
241|2025-07-22|60415
241|2025-07-23|97036
241|2025-07-24|33315
241|2025-07-27|121973
241|2025-07-28|53730
241|2025-07-29|62468
241|2025-07-30|62388
241|2025-07-31|66257
241|2025-08-03|99078
241|2025-08-04|64512
241|2025-08-05|61568
241|2025-08-06|65365
241|2025-08-07|64480
241|2025-08-10|123478
241|2025-08-11|6781
241|2025-08-12|77143
241|2025-08-13|64976
241|2025-08-14|65381
241|2025-08-17|128161
241|2025-08-18|23102
241|2025-08-19|75973
241|2025-08-20|19446
241|2025-08-21|111717
241|2025-08-24|171656
241|2025-08-25|10752
241|2025-08-26|82295
241|2025-08-27|67011
241|2025-08-28|64966
241|2025-08-31|141319
241|2025-09-01|9713
241|2025-09-02|49313
241|2025-09-03|86992
241|2025-09-04|33187
241|2025-09-07|166414
241|2025-09-08|10084
241|2025-09-09|51526
241|2025-09-10|64941
241|2025-09-11|67598
241|2025-09-14|173709
241|2025-09-15|11078
241|2025-09-16|16537
241|2025-09-17|111590
241|2025-09-18|85916
241|2025-09-21|186441
241|2025-09-22|27972
241|2025-09-23|54397
241|2025-09-24|156431
241|2025-09-25|78975
241|2025-09-28|176462
241|2025-09-29|13374
241|2025-09-30|94402
241|2025-10-01|75400
241|2025-10-02|38521
241|2025-10-05|226622
241|2025-10-06|13922
241|2025-10-07|64318
241|2025-10-08|100586
241|2025-10-09|941394
241|2025-10-12|206619
241|2025-10-13|13052
241|2025-10-14|115206
241|2025-10-15|98265
241|2025-10-16|97302
241|2025-10-19|184865
241|2025-10-20|16059
241|2025-10-21|95459
241|2025-10-22|80601
241|2025-10-29|81682
241|2025-10-23|80752
241|2025-10-26|166739
241|2025-10-27|15213
241|2025-10-28|106938
241|2025-10-30|78812
241|2025-11-02|174870
241|2025-11-03|15611
241|2025-11-04|100893
241|2025-11-05|81142
241|2025-11-06|75668
241|2025-11-09|165477
241|2025-11-10|14443
241|2025-11-11|102221
241|2025-11-12|80521
241|2025-11-13|83954
241|2025-11-16|173290
241|2025-11-17|17096
241|2025-11-18|66568
241|2025-11-20|189487
241|2025-11-23|115999
241|2025-11-24|14361
241|2025-11-25|94347
241|2025-11-26|73903
241|2025-11-27|78689
241|2025-11-30|164140
241|2025-12-01|10631
241|2025-12-02|90322
241|2025-12-03|62232
241|2025-12-04|65937
241|2025-12-07|131539
241|2025-12-08|9307
241|2025-12-09|82811
241|2025-12-10|33159
241|2025-12-11|97273
241|2025-12-14|132201
241|2025-12-15|9908
241|2025-12-16|81756
241|2025-12-17|65350
241|2025-12-18|60681
241|2025-12-21|137677
241|2025-12-22|10635
241|2025-12-23|79035
241|2025-12-25|87608
241|2025-12-28|71391
241|2025-12-29|10778
241|2025-12-30|76023
241|2026-01-01|72392
241|2026-01-04|68207
241|2026-01-05|12624
241|2026-01-06|87965
241|2026-01-07|71645
241|2026-01-08|76751
241|2026-01-11|157044
241|2026-01-12|12350
241|2026-01-13|92137
241|2026-01-14|77365
241|2026-01-15|74856
241|2026-01-18|163779
241|2026-01-19|13197
241|2026-01-20|99383
241|2026-01-21|72324
241|2026-01-22|85016
241|2026-01-25|215961
241|2026-01-26|16953
241|2026-01-27|82630
241|2026-01-28|115872
241|2026-01-29|83589
241|2026-02-01|184555
241|2026-02-02|14161
241|2026-02-03|99690
241|2026-02-04|76119
241|2026-02-05|77531
241|2026-02-08|164327
241|2026-02-09|13789
241|2026-02-10|96815
241|2026-02-11|77867
241|2026-02-12|75992
241|2026-02-17|170325
241|2026-02-18|12222
241|2026-02-19|64566
241|2026-02-22|178803
241|2026-02-23|18759
241|2026-02-24|52614
241|2026-02-25|105390
241|2026-02-26|72338
241|2026-03-01|155735
241|2026-03-02|12435
241|2026-03-03|87268
241|2026-03-04|66064
241|2026-03-05|67799
241|2026-03-08|174521
241|2026-03-09|41383
241|2026-03-10|89596
241|2026-03-12|170929
241|2026-03-15|157877
241|2026-03-16|20265
241|2026-03-17|89894
241|2026-03-18|37903
241|2026-03-19|123302
241|2026-03-22|153089
241|2026-03-23|14361
241|2026-03-24|81412
241|2026-03-25|36510
241|2026-03-26|71978
241|2026-03-29|166941
241|2026-03-30|28280
241|2026-03-31|55610
241|2026-04-01|70062
241|2026-04-05|174349
241|2026-04-06|9389
241|2026-04-07|44222
241|2026-04-08|111760
241|2026-04-09|34861
241|2026-04-12|163253
241|2026-04-13|9281
242|2025-07-01|3267259
242|2025-07-02|7684361
242|2025-07-03|9011102
242|2025-07-06|13550039
242|2025-07-07|3852748
242|2025-07-08|4216110
242|2025-07-09|5997862
242|2025-07-10|8799445
242|2025-07-13|12702599
242|2025-07-14|2323897
242|2025-07-15|2672949
242|2025-07-16|5418403
242|2025-07-17|6767543
242|2025-07-20|8749920
242|2025-07-21|4998120
242|2025-07-22|3148601
242|2025-07-23|9680704
242|2025-07-24|2219188
242|2025-07-27|9931254
242|2025-07-28|2269353
242|2025-07-29|4664788
242|2025-07-30|4773360
242|2025-07-31|7229358
242|2025-08-03|9510067
242|2025-08-04|4277626
242|2025-08-05|3016120
242|2025-08-06|10134133
242|2025-08-07|7911008
242|2025-08-10|13678671
242|2025-08-11|2603452
242|2025-08-12|5201004
242|2025-08-13|7349350
242|2025-08-14|6371765
242|2025-08-17|9212069
242|2025-08-18|3419596
242|2025-08-19|4198891
242|2025-08-20|2357068
242|2025-08-21|11255868
242|2025-08-24|18466786
242|2025-08-25|11199777
242|2025-08-26|4537218
242|2025-08-27|6936245
242|2025-08-28|5532739
242|2025-08-31|11725963
242|2025-09-01|3069139
242|2025-09-02|2363051
242|2025-09-03|9801985
242|2025-09-04|2169138
242|2025-09-07|20056194
242|2025-09-08|4597041
242|2025-09-09|3007188
242|2025-09-10|6053129
242|2025-09-11|10839007
242|2025-09-14|13969944
242|2025-09-15|2316832
242|2025-09-16|2666677
242|2025-09-17|4529894
242|2025-09-18|5661188
242|2025-09-21|11821316
242|2025-09-22|894426
242|2025-09-23|12382341
242|2025-09-24|6804926
242|2025-09-25|8385758
242|2025-09-28|13855691
242|2025-09-29|5674830
242|2025-09-30|5401031
242|2025-10-01|8078902
242|2025-10-02|3041149
242|2025-10-05|19135182
242|2025-10-06|2931396
242|2025-10-07|3864870
242|2025-10-08|5889268
242|2025-10-09|12570853
242|2025-10-12|11373574
242|2025-10-13|2435891
242|2025-10-14|5409967
242|2025-10-15|6196122
242|2025-10-16|6906912
242|2025-10-19|11953897
242|2025-10-20|2274162
242|2025-10-21|5300648
242|2025-10-22|4709528
242|2025-10-29|5096384
242|2025-10-23|7617364
242|2025-10-26|8954180
242|2025-10-27|2202407
242|2025-10-28|4647209
242|2025-10-30|5910605
242|2025-11-02|9908311
242|2025-11-03|2711341
242|2025-11-04|6373846
242|2025-11-05|5539789
242|2025-11-06|8148037
242|2025-11-09|15418501
242|2025-11-10|2931450
242|2025-11-11|6621486
242|2025-11-12|5551480
242|2025-11-13|8423843
242|2025-11-16|9009985
242|2025-11-17|2806841
242|2025-11-18|2190546
242|2025-11-20|12986521
242|2025-11-23|7548392
242|2025-11-24|2516547
242|2025-11-25|5297053
242|2025-11-26|7923515
242|2025-11-27|6087187
242|2025-11-30|9841195
242|2025-12-01|4102583
242|2025-12-02|5242359
242|2025-12-03|6929579
242|2025-12-04|9689101
242|2025-12-07|12037865
242|2025-12-08|4755807
242|2025-12-09|3956507
242|2025-12-10|2269269
242|2025-12-11|15199860
242|2025-12-14|10761845
242|2025-12-15|2625350
242|2025-12-16|6063904
242|2025-12-17|4868191
242|2025-12-18|8406942
242|2025-12-21|10178043
242|2025-12-22|4287069
242|2025-12-23|4530528
242|2025-12-25|14704357
242|2025-12-28|6872375
242|2025-12-29|2162935
242|2025-12-30|6139045
242|2026-01-01|10231675
242|2026-01-04|7322330
242|2026-01-05|2256391
242|2026-01-06|5886519
242|2026-01-07|7474362
242|2026-01-08|7935003
242|2026-01-11|12825100
242|2026-01-12|2404112
242|2026-01-13|5573121
242|2026-01-14|5818643
242|2026-01-15|7154258
242|2026-01-18|9542684
242|2026-01-19|2302981
242|2026-01-20|5098430
242|2026-01-21|5723634
242|2026-01-22|5631826
242|2026-01-25|10102394
242|2026-01-26|2083362
242|2026-01-27|4052815
242|2026-01-28|5241283
242|2026-01-29|6088685
242|2026-02-01|9035685
242|2026-02-02|2926286
242|2026-02-03|4402506
242|2026-02-04|7492083
242|2026-02-05|7783013
242|2026-02-08|11917042
242|2026-02-09|3792672
242|2026-02-10|5421991
242|2026-02-11|7038162
242|2026-02-12|8812425
242|2026-02-17|10256744
242|2026-02-18|2181382
242|2026-02-19|1376821
242|2026-02-22|15554278
242|2026-02-23|1374705
242|2026-02-24|4536800
242|2026-02-25|8829537
242|2026-02-26|5945370
242|2026-03-01|11450577
242|2026-03-02|3217501
242|2026-03-03|5635418
242|2026-03-04|6337420
242|2026-03-05|8009630
242|2026-03-08|11939026
242|2026-03-09|3799612
242|2026-03-10|4247556
242|2026-03-12|16804621
242|2026-03-15|9319435
242|2026-03-16|2912762
242|2026-03-17|4997470
242|2026-03-18|1808470
242|2026-03-19|9880381
242|2026-03-22|8704909
242|2026-03-23|3022939
242|2026-03-24|3266293
242|2026-03-25|2091993
242|2026-03-26|7297585
242|2026-03-29|11629395
242|2026-03-30|5766438
242|2026-03-31|2366429
242|2026-04-01|3963708
242|2026-04-05|17506543
242|2026-04-06|2806973
242|2026-04-07|2524221
242|2026-04-08|10925732
242|2026-04-09|2770508
242|2026-04-12|17677550
242|2026-04-13|2812211
243|2025-07-01|4677976
243|2025-07-02|7609116
243|2025-07-03|7958862
243|2025-07-06|11636041
243|2025-07-07|4153065
243|2025-07-08|4459760
243|2025-07-09|7055773
243|2025-07-10|7357915
243|2025-07-13|10962833
243|2025-07-14|2480969
243|2025-07-15|3260851
243|2025-07-16|5643967
243|2025-07-17|5925178
243|2025-07-20|8331429
243|2025-07-21|4086022
243|2025-07-22|3569428
243|2025-07-23|8757421
243|2025-07-24|2763709
243|2025-07-27|8598261
243|2025-07-28|2725221
243|2025-07-29|4687973
243|2025-07-30|5020615
243|2025-07-31|5780560
243|2025-08-03|9140878
243|2025-08-04|4011458
243|2025-08-05|4629498
243|2025-08-06|9012721
243|2025-08-07|7315867
243|2025-08-10|12126100
243|2025-08-11|2782514
243|2025-08-12|4971542
243|2025-08-13|7160965
243|2025-08-14|5997915
243|2025-08-17|8548894
243|2025-08-18|3517987
243|2025-08-19|3987602
243|2025-08-20|2444467
243|2025-08-21|10642520
243|2025-08-24|17840430
243|2025-08-25|3299951
243|2025-08-26|4499521
243|2025-08-27|6719496
243|2025-08-28|5236348
243|2025-08-31|10789211
243|2025-09-01|3265044
243|2025-09-02|2417632
243|2025-09-03|9407479
243|2025-09-04|2338221
243|2025-09-07|18998304
243|2025-09-08|4172893
243|2025-09-09|2973118
243|2025-09-10|6151092
243|2025-09-11|10208816
243|2025-09-14|13161612
243|2025-09-15|2386553
243|2025-09-16|2741374
243|2025-09-17|4310197
243|2025-09-18|5328207
243|2025-09-21|11025737
243|2025-09-22|1042137
243|2025-09-23|10567430
243|2025-09-24|6567437
243|2025-09-25|8102407
243|2025-09-28|13388629
243|2025-09-29|2271465
243|2025-09-30|5293798
243|2025-10-01|7946448
243|2025-10-02|3455577
243|2025-10-06|2953531
243|2025-10-07|3788080
243|2025-10-08|5896066
243|2025-10-09|12167727
243|2025-10-12|10748033
243|2025-10-13|2582612
243|2025-10-14|5216639
243|2025-10-15|6047374
243|2025-10-16|6693979
243|2025-10-19|10200541
243|2025-10-20|2336729
243|2025-10-21|5085615
243|2025-10-22|4670162
243|2025-10-29|5007984
243|2025-10-23|7333269
243|2025-10-26|8534237
243|2025-10-27|2246237
243|2025-10-28|4421287
243|2025-10-30|5711647
243|2025-11-02|9421378
243|2025-11-03|2775481
243|2025-11-04|6052981
243|2025-11-05|5383940
243|2025-11-06|7879420
243|2025-11-09|14887007
243|2025-11-10|2919271
243|2025-11-11|6541733
243|2025-11-12|5262424
243|2025-11-13|8096208
243|2025-11-16|8491210
243|2025-11-17|2864461
243|2025-11-18|2234036
243|2025-11-20|12311559
243|2025-11-23|7268881
243|2025-11-24|2533047
243|2025-11-25|5087870
243|2025-11-26|7763856
243|2025-11-27|5907484
243|2025-11-30|9368848
243|2025-12-01|4132975
243|2025-12-02|4989725
243|2025-12-03|6789693
243|2025-12-04|9387345
243|2025-12-07|11479871
243|2025-12-08|4804072
243|2025-12-09|3623621
243|2025-12-10|3267721
243|2025-12-11|13726392
243|2025-12-14|10302237
243|2025-12-15|2634345
243|2025-12-16|5802406
243|2025-12-17|4788829
243|2025-12-18|8121684
243|2025-12-21|9653652
243|2025-12-22|4367816
243|2025-12-23|4356222
243|2025-12-25|14254135
243|2025-12-28|6625192
243|2025-12-29|2208867
243|2025-12-30|5897231
243|2026-01-01|9950400
243|2026-01-04|7056394
243|2026-01-05|2313204
243|2026-01-06|5656959
243|2026-01-07|7344035
243|2026-01-08|7741594
243|2026-01-11|12270449
243|2026-01-12|2427482
243|2026-01-13|5485906
243|2026-01-14|5573876
243|2026-01-15|6920698
243|2026-01-18|9133156
243|2026-01-19|2321745
243|2026-01-20|4871569
243|2026-01-21|5606787
243|2026-01-22|5496994
243|2026-01-25|9693929
243|2026-01-26|2026077
243|2026-01-27|3903962
243|2026-01-28|5145960
243|2026-01-29|5871284
243|2026-02-01|8687353
243|2026-02-02|2861495
243|2026-02-03|4385074
243|2026-02-04|7264493
243|2026-02-05|7518111
243|2026-02-08|11396712
243|2026-02-09|3850490
243|2026-02-10|5142711
243|2026-02-11|6958887
243|2026-02-12|8529129
243|2026-02-17|9714739
243|2026-02-18|2213425
243|2026-02-19|1327782
243|2026-02-22|14932947
243|2026-02-23|1409600
243|2026-02-24|4517159
243|2026-02-25|8502567
243|2026-02-26|5772306
243|2026-03-01|11014939
243|2026-03-02|3169005
243|2026-03-03|5396196
243|2026-03-04|6111859
243|2026-03-05|7852005
243|2026-03-08|11417843
243|2026-03-09|3892457
243|2026-03-10|4180916
243|2026-03-12|16249040
243|2026-03-15|8875322
243|2026-03-16|2856089
243|2026-03-17|4789934
243|2026-03-18|2003183
243|2026-03-19|9539207
243|2026-03-22|8264285
243|2026-03-23|3084849
243|2026-03-24|3243697
243|2026-03-25|2221715
243|2026-03-26|7153541
243|2026-03-29|11103062
243|2026-03-30|5758923
243|2026-03-31|2424839
243|2026-04-01|3904300
243|2026-04-05|16747599
243|2026-04-06|2930944
243|2026-04-07|2510111
243|2026-04-08|10596138
243|2026-04-09|2766617
243|2026-04-12|17030238
243|2026-04-13|2945783
245|2025-07-01|37880
245|2025-07-02|5316
245|2025-07-03|14332
245|2025-07-06|15420
245|2025-07-07|14010
245|2025-07-08|28912
245|2025-07-09|563858
245|2025-07-10|12547
245|2025-07-13|15052
245|2025-07-14|12737
245|2025-07-15|31017
245|2025-07-16|5384
245|2025-07-17|13802
245|2025-07-20|16737
245|2025-07-21|15788
245|2025-07-22|28356
245|2025-07-23|11314
245|2025-07-24|13890
245|2025-07-27|31978
245|2025-07-28|2767
245|2025-07-29|37035
245|2025-07-30|6084
245|2025-07-31|15884
245|2025-08-03|15235
245|2025-08-04|16291
245|2025-08-05|28128
245|2025-08-06|11670
245|2025-08-07|14311
245|2025-08-10|16661
245|2025-08-11|0
245|2025-08-12|46593
245|2025-08-13|0
245|2025-08-14|24311
245|2025-08-17|23310
245|2025-08-18|16281
245|2025-08-19|492511
245|2025-08-20|9390
245|2025-08-21|295504
245|2025-08-24|0
245|2025-08-25|30094
245|2025-08-26|48783
245|2025-08-27|3630
245|2025-08-28|17299
245|2025-08-31|17439
245|2025-09-01|16662
245|2025-09-02|35773
245|2025-09-03|2999
245|2025-09-04|2973
245|2025-09-07|26809
245|2025-09-08|26809
245|2025-09-09|0
245|2025-09-10|3268
245|2025-09-11|3391
245|2025-09-14|15750
245|2025-09-15|17928
245|2025-09-16|53423
245|2025-09-17|3925
245|2025-09-18|2802
245|2025-09-21|18800
245|2025-09-22|28516
245|2025-09-23|56950
245|2025-09-24|11650
245|2025-09-25|777145
245|2025-09-28|33317
245|2025-09-29|20759
245|2025-09-30|50320
245|2025-10-01|5173
245|2025-10-02|18924
245|2025-10-05|18722
245|2025-10-06|3977
245|2025-10-07|71174
245|2025-10-08|5238
245|2025-10-09|384697
245|2025-10-12|34488
245|2025-10-13|68303
245|2025-10-14|55168
245|2025-10-15|1674
245|2025-10-16|47453
245|2025-10-19|20573
245|2025-10-20|42689
245|2025-10-21|54708
245|2025-10-22|6473
245|2025-10-29|6417
245|2025-10-23|17506
245|2025-10-26|20366
245|2025-10-27|20240
245|2025-10-28|46129
245|2025-10-30|21391
245|2025-11-02|20146
245|2025-11-03|19858
245|2025-11-04|45008
245|2025-11-05|6110
245|2025-11-06|18667
245|2025-11-09|20291
245|2025-11-10|20291
245|2025-11-11|59922
245|2025-11-12|5683
245|2025-11-13|0
245|2025-11-16|19655
245|2025-11-17|21200
245|2025-11-18|46426
245|2025-11-20|7145
245|2025-11-23|7145
245|2025-11-24|7145
245|2025-11-25|7145
245|2025-11-26|7145
245|2025-11-27|7145
245|2025-11-30|7145
245|2025-12-01|7145
245|2025-12-02|7145
245|2025-12-03|212844
245|2025-12-07|15820
245|2025-12-22|35967
245|2026-02-19|52275
245|2026-02-25|10092
245|2026-02-26|3578
245|2026-03-01|36574
246|2025-07-01|23261
246|2025-07-02|24000
246|2025-07-03|22899
246|2025-07-06|45567
246|2025-07-07|6414
246|2025-07-08|19753
246|2025-07-09|24784
246|2025-07-10|20730
246|2025-07-13|50323
246|2025-07-14|6372
246|2025-07-15|22508
246|2025-07-16|27874
246|2025-07-17|25678
246|2025-07-20|47095
246|2025-07-21|15909
246|2025-07-22|23789
246|2025-07-23|50166
246|2025-07-24|6152
246|2025-07-27|61059
246|2025-07-28|7503
246|2025-07-29|26380
246|2025-07-30|26233
246|2025-07-31|28399
246|2025-08-03|45937
246|2025-08-04|16127
246|2025-08-05|23506
246|2025-08-06|24756
246|2025-08-07|25255
246|2025-08-10|3265447
246|2025-08-12|30384
246|2025-08-13|27734
246|2025-08-14|26007
246|2025-08-17|48366
246|2025-08-18|16416
246|2025-08-19|25938
246|2025-08-20|6100
246|2025-08-21|47605
246|2025-08-24|79774
246|2025-08-25|7266
246|2025-08-26|28545
246|2025-08-27|27840
246|2025-08-28|28608
246|2025-08-31|54036
246|2025-09-01|5958
246|2025-09-02|3903
246|2025-09-03|43704
246|2025-09-04|3779
246|2025-09-07|72977
246|2025-09-08|6252
246|2025-09-09|5965
246|2025-09-10|24264
246|2025-09-11|28979
246|2025-09-14|80320
246|2025-09-15|7296
246|2025-09-16|5732
246|2025-09-17|28777
246|2025-09-18|47306
246|2025-09-21|81613
246|2025-09-22|15547
246|2025-09-23|792939
246|2025-09-24|48987
246|2025-09-25|31712
246|2025-09-28|74404
246|2025-09-29|8997
246|2025-09-30|26488
246|2025-10-01|32887
246|2025-10-02|7145
246|2025-10-05|110295
246|2025-10-06|8886
246|2025-10-07|5801
246|2025-10-08|55923
246|2025-10-09|106522
246|2025-10-12|100450
246|2025-10-13|2331
246|2025-10-14|67743
246|2025-10-15|44379
246|2025-10-16|62764
246|2025-10-19|84601
246|2025-10-20|7139
246|2025-10-21|27125
246|2025-10-22|32737
246|2025-10-29|29730
246|2025-10-23|29601
246|2025-10-26|66503
246|2025-10-27|7059
246|2025-10-28|32238
246|2025-10-30|30872
246|2025-11-02|68223
246|2025-11-03|6757
246|2025-11-04|27225
246|2025-11-05|30478
246|2025-11-06|325332
246|2025-11-09|61851
246|2025-11-10|6276
246|2025-11-11|27696
246|2025-11-12|31191
246|2025-11-13|32917
246|2025-11-16|67504
246|2025-11-17|7788
246|2025-11-18|3621
246|2025-11-20|84827
246|2025-11-23|42211
246|2025-11-24|6512
246|2025-11-25|26107
246|2025-11-26|29444
246|2025-11-27|29582
246|2025-11-30|62088
246|2025-12-01|4506
246|2025-12-02|27249
246|2025-12-03|23781
246|2025-12-04|25270
246|2025-12-07|51253
246|2025-12-08|4214
246|2025-12-09|25707
246|2025-12-10|3815
246|2025-12-11|47829
246|2025-12-14|53989
246|2025-12-15|4471
246|2025-12-16|27607
246|2025-12-17|27218
246|2025-12-18|23141
246|2025-12-21|54086
246|2025-12-22|4763
246|2025-12-23|23767
246|2025-12-25|36212
246|2025-12-28|27022
246|2025-12-29|4718
246|2025-12-30|20334
246|2026-01-01|26167
246|2026-01-04|22075
246|2026-01-05|5686
246|2026-01-06|21392
246|2026-01-07|26247
246|2026-01-08|27495
246|2026-01-11|60270
246|2026-01-12|5721
246|2026-01-13|26477
246|2026-01-14|31523
246|2026-01-15|28158
246|2026-01-18|65023
246|2026-01-19|5915
246|2026-01-20|30841
246|2026-01-21|30447
246|2026-01-22|31154
246|2026-01-25|87766
246|2026-01-26|8690
246|2026-01-27|34206
246|2026-01-28|34538
246|2026-01-29|30978
246|2026-02-01|77003
246|2026-02-02|6947
246|2026-02-03|27331
246|2026-02-04|31126
246|2026-02-05|29382
246|2026-02-08|65197
246|2026-02-09|6265
246|2026-02-10|27079
246|2026-02-11|32181
246|2026-02-12|30308
246|2026-02-17|72680
246|2026-02-18|5849
246|2026-02-19|3540
246|2026-02-22|84717
246|2026-02-23|11197
246|2026-02-24|3496
246|2026-02-25|53270
246|2026-02-26|29419
246|2026-03-01|67278
246|2026-03-02|5275
246|2026-03-03|26219
246|2026-03-04|26185
246|2026-03-05|26173
246|2026-03-08|59789
246|2026-03-09|4280
246|2026-03-10|19075
246|2026-03-12|64211
246|2026-03-15|60444
246|2026-03-16|5885
246|2026-03-17|27019
246|2026-03-18|5611
246|2026-03-19|67145
246|2026-03-22|63637
246|2026-03-23|5155
246|2026-03-24|22106
246|2026-03-25|6160
246|2026-03-26|30683
246|2026-03-29|75673
246|2026-03-30|10739
246|2026-03-31|3100
246|2026-04-01|30316
246|2026-04-05|80085
246|2026-04-06|4135
246|2026-04-07|2390
246|2026-04-08|46003
246|2026-04-09|5389
246|2026-04-12|72728
246|2026-04-13|4278
247|2025-07-01|14058
247|2025-07-02|14453
247|2025-07-03|13478
247|2025-07-06|36563
247|2025-07-07|2793
247|2025-07-08|11486
247|2025-07-09|15229
247|2025-07-10|11817
247|2025-07-13|32762
247|2025-07-14|2889
247|2025-07-15|12820
247|2025-07-16|16259
247|2025-07-17|15219
247|2025-07-20|30398
247|2025-07-21|8773
247|2025-07-22|13089
247|2025-07-23|31172
247|2025-07-24|2649
247|2025-07-27|39745
247|2025-07-28|3429
247|2025-07-29|15098
247|2025-07-30|14938
247|2025-07-31|16472
247|2025-08-03|37710
247|2025-08-04|9213
247|2025-08-05|13455
247|2025-08-06|14448
247|2025-08-07|15225
247|2025-08-10|48401
247|2025-08-11|2882
247|2025-08-12|14474
247|2025-08-13|17186
247|2025-08-14|15487
247|2025-08-17|32083
247|2025-08-18|9621
247|2025-08-19|14301
247|2025-08-20|2916
247|2025-08-21|33014
247|2025-08-24|50623
247|2025-08-25|3662
247|2025-08-26|16553
247|2025-08-27|16891
247|2025-08-28|16471
247|2025-08-31|36415
247|2025-09-01|2987
247|2025-09-02|32
247|2025-09-03|28465
247|2025-09-04|683
247|2025-09-07|59801
247|2025-09-08|3213
247|2025-09-09|2066
247|2025-09-10|15310
247|2025-09-11|17476
247|2025-09-14|53701
247|2025-09-15|3951
247|2025-09-16|43
247|2025-09-17|18169
247|2025-09-18|29470
247|2025-09-21|57099
247|2025-09-22|11795
247|2025-09-23|774798
247|2025-09-24|34756
247|2025-09-25|20671
247|2025-09-28|51091
247|2025-09-29|5197
247|2025-09-30|18663
247|2025-10-01|18807
247|2025-10-02|2912
247|2025-10-05|78475
247|2025-10-06|5082
247|2025-10-07|2025
247|2025-10-08|33876
247|2025-10-09|62227
247|2025-10-12|69253
247|2025-10-13|4966
247|2025-10-14|29522
247|2025-10-15|32132
247|2025-10-16|30405
247|2025-10-19|54819
247|2025-10-20|6522
247|2025-10-21|16547
247|2025-10-22|19697
247|2025-10-29|19637
247|2025-10-23|19769
247|2025-10-26|46078
247|2025-10-27|6460
247|2025-10-28|20398
247|2025-10-30|19535
247|2025-11-02|45838
247|2025-11-03|6190
247|2025-11-04|17765
247|2025-11-05|19703
247|2025-11-06|17276
247|2025-11-09|53246
247|2025-11-10|5726
247|2025-11-11|16653
247|2025-11-12|20620
247|2025-11-13|20736
247|2025-11-16|46162
247|2025-11-17|7202
247|2025-11-18|51
247|2025-11-20|56051
247|2025-11-23|31348
247|2025-11-24|6056
247|2025-11-25|16609
247|2025-11-26|17748
247|2025-11-27|18951
247|2025-11-30|41391
247|2025-12-01|4170
247|2025-12-02|17092
247|2025-12-03|15069
247|2025-12-04|15927
247|2025-12-07|35915
247|2025-12-08|3810
247|2025-12-09|14278
247|2025-12-10|50
247|2025-12-11|31870
247|2025-12-14|38897
247|2025-12-15|3926
247|2025-12-16|16216
247|2025-12-17|17084
247|2025-12-18|14937
247|2025-12-21|35949
247|2025-12-22|4341
247|2025-12-23|15319
247|2025-12-25|22021
247|2025-12-28|18345
247|2025-12-29|4261
247|2025-12-30|13199
247|2026-01-01|16608
247|2026-01-04|21615
247|2026-01-05|5115
247|2026-01-06|15620
247|2026-01-07|17643
247|2026-01-08|18686
247|2026-01-11|41651
247|2026-01-12|5155
247|2026-01-13|16910
247|2026-01-14|21962
247|2026-01-15|18889
247|2026-01-18|45711
247|2026-01-19|5498
247|2026-01-20|20670
247|2026-01-21|19286
247|2026-01-22|22082
247|2026-01-25|65768
247|2026-01-26|8155
247|2026-01-27|22902
247|2026-01-28|23373
247|2026-01-29|22186
247|2026-02-01|54888
247|2026-02-02|6459
247|2026-02-03|18017
247|2026-02-04|21915
247|2026-02-05|20265
247|2026-02-08|70591
247|2026-02-09|5837
247|2026-02-10|18166
247|2026-02-11|20877
247|2026-02-12|20832
247|2026-02-17|60902
247|2026-02-18|5395
247|2026-02-19|23
247|2026-02-22|55418
247|2026-02-23|10304
247|2026-02-24|39
247|2026-02-25|35230
247|2026-02-26|18902
247|2026-03-01|45763
247|2026-03-02|4942
247|2026-03-03|16824
247|2026-03-04|16872
247|2026-03-05|17284
247|2026-03-08|47668
247|2026-03-09|3945
247|2026-03-10|12293
247|2026-03-12|40756
247|2026-03-15|43905
247|2026-03-16|5532
247|2026-03-17|16612
247|2026-03-18|815
247|2026-03-19|42282
247|2026-03-22|44221
247|2026-03-23|4798
247|2026-03-24|13161
247|2026-03-25|2583
247|2026-03-26|20090
247|2026-03-29|51842
247|2026-03-30|9921
247|2026-03-31|41
247|2026-04-01|18528
247|2026-04-06|3883
247|2026-04-07|34
247|2026-04-08|30154
247|2026-04-09|2860
247|2026-04-12|51101
247|2026-04-13|4042
248|2025-07-01|89
248|2025-07-02|88
248|2025-07-03|88
248|2025-07-06|88
248|2025-07-07|88
248|2025-07-08|88
248|2025-07-09|88
248|2025-07-10|88
248|2025-07-13|88
248|2025-07-14|88
248|2025-07-15|88
248|2025-07-16|88
248|2025-07-17|88
248|2025-07-20|88
248|2025-07-21|88
248|2025-07-22|88
248|2025-07-23|88
248|2025-07-24|88
248|2025-07-27|88
248|2025-07-28|88
248|2025-07-29|88
248|2025-07-30|88
248|2025-07-31|88
248|2025-08-03|88
248|2025-08-04|88
248|2025-08-05|88
248|2025-08-06|88
248|2025-08-07|88
248|2025-08-10|88
248|2025-08-11|88
248|2025-08-12|88
248|2025-08-13|88
248|2025-08-14|88
248|2025-08-17|88
248|2025-08-18|88
248|2025-08-19|88
248|2025-08-20|88
248|2025-08-21|88
248|2025-08-24|88
248|2025-08-25|88
248|2025-08-26|88
248|2025-08-27|88
248|2025-08-28|88
248|2025-08-31|88
248|2025-09-01|88
248|2025-09-02|88
248|2025-09-03|88
248|2025-09-04|88
248|2025-09-07|88
248|2025-09-08|88
248|2025-09-09|88
248|2025-09-10|88
248|2025-09-11|88
248|2025-09-14|88
248|2025-09-15|88
248|2025-09-16|88
248|2025-09-17|88
248|2025-09-18|88
248|2025-09-21|88
248|2025-09-22|88
248|2025-09-23|88
248|2025-09-24|88
248|2025-09-25|88
248|2025-09-28|88
248|2025-09-29|88
248|2025-09-30|88
248|2025-10-01|88
248|2025-10-02|88
248|2025-10-05|88
248|2025-10-06|88
248|2025-10-07|88
248|2025-10-08|88
248|2025-10-09|88
248|2025-10-12|88
248|2025-10-13|88
248|2025-10-14|88
248|2025-10-15|88
248|2025-10-16|88
248|2025-10-19|88
248|2025-10-20|88
248|2025-10-21|88
248|2025-10-22|88
248|2025-10-29|88
248|2025-10-23|88
248|2025-10-26|88
248|2025-10-27|88
248|2025-10-28|88
248|2025-10-30|88
248|2025-11-02|88
248|2025-11-03|88
248|2025-11-04|88
248|2025-11-05|88
248|2025-11-06|88
248|2025-11-09|88
248|2025-11-10|88
248|2025-11-11|88
248|2025-11-12|88
248|2025-11-13|88
248|2025-11-16|88
248|2025-11-17|88
248|2025-11-18|88
248|2025-11-20|88
248|2025-11-23|88
248|2025-11-24|88
248|2025-11-25|88
248|2025-11-26|88
248|2025-11-27|88
248|2025-11-30|88
248|2025-12-01|88
248|2025-12-02|88
248|2025-12-03|88
248|2025-12-04|88
248|2025-12-07|88
248|2025-12-08|88
248|2025-12-09|88
248|2025-12-10|88
248|2025-12-11|88
248|2025-12-14|88
248|2025-12-15|88
248|2025-12-16|88
248|2025-12-17|88
248|2025-12-18|88
248|2025-12-21|88
248|2025-12-22|88
248|2025-12-23|88
248|2025-12-25|88
248|2025-12-28|88
248|2025-12-29|88
248|2025-12-30|88
248|2026-01-01|88
248|2026-01-04|88
248|2026-01-05|87
248|2026-01-06|87
248|2026-01-07|87
248|2026-01-08|87
248|2026-02-03|87
248|2026-02-04|87
248|2026-02-05|87
248|2026-02-08|87
248|2026-02-09|87
248|2026-02-10|87
248|2026-02-11|87
248|2026-02-12|87
248|2026-02-17|87
248|2026-02-18|87
248|2026-02-19|87
248|2026-02-22|87
248|2026-02-23|87
248|2026-02-24|87
248|2026-02-25|87
248|2026-02-26|87
248|2026-03-01|87
248|2026-03-02|87
248|2026-03-03|87
248|2026-03-04|87
248|2026-03-05|87
248|2026-03-08|87
248|2026-03-09|87
248|2026-03-10|87
248|2026-03-11|87
248|2026-03-12|87
248|2026-03-15|87
248|2026-03-16|87
248|2026-03-17|87
248|2026-03-18|87
248|2026-03-19|87
248|2026-03-22|87
248|2026-03-23|87
248|2026-03-24|87
248|2026-03-25|87
248|2026-03-26|87
248|2026-03-29|87
248|2026-03-30|87
248|2026-03-31|87
248|2026-04-01|87
248|2026-04-05|87
248|2026-04-06|87
248|2026-04-07|87
248|2026-04-08|87
248|2026-04-09|87
248|2026-04-12|87
248|2026-04-13|87
250|2025-09-29|1
250|2025-11-05|1500
251|2025-07-01|13219
251|2025-07-02|12407
251|2025-07-03|12321
251|2025-07-06|21847
251|2025-07-07|8695
251|2025-07-08|12320
251|2025-07-09|12918
251|2025-07-10|11156
251|2025-07-13|23052
251|2025-07-14|8481
251|2025-07-15|13465
251|2025-07-16|14672
251|2025-07-17|13732
251|2025-07-20|22597
251|2025-07-21|9096
251|2025-07-22|13292
251|2025-07-23|26331
251|2025-07-24|3208
251|2025-07-27|25015
251|2025-07-28|10250
251|2025-07-29|12868
251|2025-07-30|13254
251|2025-07-31|14631
251|2025-08-03|22412
251|2025-08-04|9917
251|2025-08-05|12340
251|2025-08-06|14131
251|2025-08-07|14012
251|2025-08-10|24836
251|2025-08-11|8594
251|2025-08-12|13105
251|2025-08-13|14570
251|2025-08-14|14585
251|2025-08-17|23472
251|2025-08-18|9860
251|2025-08-19|12675
251|2025-08-20|3526
251|2025-08-21|22649
251|2025-08-24|31004
251|2025-08-25|10384
251|2025-08-26|13710
251|2025-08-27|14829
251|2025-08-28|17956
251|2025-08-31|24599
251|2025-09-01|9505
251|2025-09-02|3077
251|2025-09-03|23462
251|2025-09-04|3435
251|2025-09-07|35401
251|2025-09-08|9510
251|2025-09-09|3341
251|2025-09-10|13351
251|2025-09-11|15630
251|2025-09-14|40298
251|2025-09-15|11814
251|2025-09-16|4924
251|2025-09-17|17164
251|2025-09-18|26339
251|2025-09-21|47906
251|2025-09-22|17902
251|2025-09-23|7033
251|2025-09-24|30363
251|2025-09-25|24297
251|2025-09-28|39837
251|2025-09-29|16156
251|2025-09-30|12812
251|2025-10-01|23429
251|2025-10-02|4811
251|2025-10-06|16320
251|2025-10-07|4302
251|2025-10-08|13449
251|2025-10-09|66693
251|2025-10-12|36537
251|2025-10-13|1071
251|2025-10-14|26490
251|2025-10-15|20167
251|2025-10-16|19183
251|2025-10-19|38853
251|2025-10-20|1502
251|2025-10-21|30753
251|2025-10-22|20520
251|2025-10-29|19522
251|2025-10-23|20167
251|2025-10-26|39438
251|2025-10-27|1568
251|2025-10-28|32521
251|2025-10-30|19526
251|2025-11-02|39170
251|2025-11-03|1533
251|2025-11-04|29664
251|2025-11-05|21067
251|2025-11-06|17533
251|2025-11-09|36332
251|2025-11-10|1302
251|2025-11-11|30050
251|2025-11-12|20629
251|2025-11-13|20319
251|2025-11-16|39774
251|2025-11-17|1680
251|2025-11-18|19700
251|2025-11-20|51067
251|2025-11-23|25963
251|2025-11-24|1452
251|2025-11-25|26047
251|2025-11-26|18100
251|2025-11-27|17934
251|2025-11-30|32793
251|2025-12-01|953
251|2025-12-02|21353
251|2025-12-03|14419
251|2025-12-04|13998
251|2025-12-07|26710
251|2025-12-08|792
251|2025-12-09|19428
251|2025-12-10|3307
251|2025-12-11|25502
251|2025-12-14|32004
251|2025-12-15|952
251|2025-12-16|22064
251|2025-12-17|15631
251|2025-12-18|13692
251|2025-12-21|30758
251|2025-12-22|1048
251|2025-12-23|21433
251|2025-12-25|21489
251|2025-12-28|14305
251|2025-12-29|1048
251|2025-12-30|19667
251|2026-01-01|16290
251|2026-01-04|12944
251|2026-01-05|1251
251|2026-01-06|25366
251|2026-01-07|16798
251|2026-01-08|18145
251|2026-01-11|23203
251|2026-01-12|1249
251|2026-01-13|39867
251|2026-01-14|18131
251|2026-01-15|17819
251|2026-01-18|37024
251|2026-01-19|1370
251|2026-01-20|29122
251|2026-01-21|18083
251|2026-01-22|21572
251|2026-01-25|59597
251|2026-01-26|1649
251|2026-01-27|38792
251|2026-01-28|21980
251|2026-01-29|22745
251|2026-02-01|44078
251|2026-02-02|1384
251|2026-02-03|33310
251|2026-02-04|18073
251|2026-02-05|19850
251|2026-02-08|38333
251|2026-02-09|1127
251|2026-02-10|29490
251|2026-02-11|19842
251|2026-02-12|19542
251|2026-02-17|36521
251|2026-02-18|1065
251|2026-02-19|21186
251|2026-02-22|48822
251|2026-02-23|2218
251|2026-02-24|12339
251|2026-02-25|30702
251|2026-02-26|18863
251|2026-03-01|34282
251|2026-03-02|1025
251|2026-03-03|23207
251|2026-03-04|16873
251|2026-03-05|16314
251|2026-03-08|34130
251|2026-03-09|888
251|2026-03-10|23435
251|2026-03-12|36911
251|2026-03-15|34692
251|2026-03-16|1077
251|2026-03-17|26816
251|2026-03-18|4719
251|2026-03-19|34366
251|2026-03-22|34390
251|2026-03-23|1076
251|2026-03-24|23152
251|2026-03-25|3486
251|2026-03-26|18361
251|2026-03-29|43118
251|2026-03-30|2140
251|2026-03-31|12699
251|2026-04-01|16866
251|2026-04-05|40794
251|2026-04-06|707
251|2026-04-07|16348
251|2026-04-08|28432
251|2026-04-09|3938
251|2026-04-12|41238
251|2026-04-13|639
253|2025-07-15|1
253|2025-07-21|2
253|2025-08-03|1
253|2025-08-06|2
253|2025-08-07|1
253|2025-08-10|1
253|2025-08-11|1
253|2025-08-17|1
253|2025-08-27|1
253|2025-08-31|1
253|2025-09-01|2
253|2025-09-03|1
253|2025-09-08|1
253|2025-09-10|1
253|2025-09-15|1
253|2025-09-21|1
253|2025-09-22|1
253|2025-09-23|1
253|2025-09-24|1
253|2025-09-28|2
253|2025-09-30|1
253|2025-10-13|2
253|2025-10-14|1
253|2025-10-23|1
253|2025-10-26|1
253|2025-10-30|1
253|2025-11-05|1
253|2025-11-12|2
253|2025-11-16|2
253|2025-11-18|1
253|2025-11-20|1
253|2025-12-01|5
253|2025-12-02|2
253|2025-12-11|1
253|2025-12-14|1
253|2025-12-16|1
253|2025-12-25|1
253|2025-12-29|1
253|2025-12-30|1
253|2026-01-05|1
253|2026-01-06|2
253|2026-01-08|1
253|2026-01-11|1
253|2026-01-14|1
253|2026-01-19|2
253|2026-01-22|1
253|2026-01-26|2
253|2026-02-01|1
253|2026-02-11|1
253|2026-02-12|1
253|2026-02-17|1
253|2026-02-18|1
253|2026-02-19|1
253|2026-03-03|1
253|2026-03-11|1
253|2026-03-12|1
253|2026-03-18|2
253|2026-03-19|1
253|2026-03-29|1
253|2026-03-30|3
253|2026-04-08|1
254|2025-07-01|273143
254|2025-07-02|279257
254|2025-07-03|267820
254|2025-07-06|993730
254|2025-07-07|251066
254|2025-07-08|836524
254|2025-07-09|609369
254|2025-07-10|272149
254|2025-07-13|966541
254|2025-07-14|249550
254|2025-07-15|656057
254|2025-07-16|630088
254|2025-07-17|269101
254|2025-07-20|654456
254|2025-07-21|260936
254|2025-07-22|651415
254|2025-07-23|646815
254|2025-07-24|961801
254|2025-07-27|1806432
254|2025-07-28|256157
254|2025-07-29|333731
254|2025-07-30|288553
254|2025-07-31|550014
254|2025-08-03|562047
254|2025-08-04|270757
254|2025-08-05|416042
254|2025-08-06|480021
254|2025-08-07|365754
254|2025-08-10|2726146
254|2025-08-11|2225035
254|2025-08-12|2149187
254|2025-08-13|419567
254|2025-08-14|382945
254|2025-08-17|2408201
254|2025-08-18|325603
254|2025-08-19|343244
254|2025-08-20|382102
254|2025-08-21|375335
254|2025-08-24|1322924
254|2025-08-25|325970
254|2025-08-26|353037
254|2025-08-27|389229
254|2025-08-28|374672
254|2025-08-31|455953
254|2025-09-01|320098
254|2025-09-02|429414
254|2025-09-03|387783
254|2025-09-04|346319
254|2025-09-07|625394
254|2025-09-08|322121
254|2025-09-09|329993
254|2025-09-10|376002
254|2025-09-11|367783
254|2025-09-14|653106
254|2025-09-15|339889
254|2025-09-16|344331
254|2025-09-17|407911
254|2025-09-18|375489
254|2025-09-21|1165298
254|2025-09-23|1777645
254|2025-09-24|424197
254|2025-09-25|403474
254|2025-09-28|1118982
254|2025-09-29|348619
254|2025-09-30|375860
254|2025-10-01|421908
254|2025-10-02|355948
254|2025-10-05|501042
254|2025-10-06|349008
254|2025-10-07|357301
254|2025-10-08|461255
254|2025-10-09|443262
254|2025-10-12|444757
254|2025-10-13|342559
254|2025-10-14|646579
254|2025-10-15|371653
254|2025-10-16|613138
254|2025-10-19|1079673
254|2025-10-20|352634
254|2025-10-21|381635
254|2025-10-22|461446
254|2025-10-29|749617
254|2025-10-23|402634
254|2025-10-26|957443
254|2025-10-27|358815
254|2025-10-28|384649
254|2025-10-30|460263
254|2025-11-02|470849
254|2025-11-03|360990
254|2025-11-04|636525
254|2025-11-05|938345
254|2025-11-06|529740
254|2025-11-09|812762
254|2025-11-10|365153
254|2025-11-11|380146
254|2025-11-12|842827
254|2025-11-13|776095
254|2025-11-16|793765
254|2025-11-17|374106
254|2025-11-18|459979
254|2025-11-20|832827
254|2025-11-23|493381
254|2025-11-24|380959
254|2025-11-25|399141
254|2025-11-26|455551
254|2025-11-27|423510
254|2025-11-30|512476
254|2025-12-01|382092
254|2025-12-02|399788
254|2025-12-03|426470
254|2025-12-04|427314
254|2025-12-07|1276012
254|2025-12-08|381996
254|2025-12-09|421958
254|2025-12-11|623085
254|2025-12-14|578471
254|2025-12-15|385263
254|2025-12-16|401268
254|2025-12-17|491823
254|2025-12-18|432219
254|2025-12-21|523952
254|2025-12-22|387771
254|2025-12-23|417702
254|2025-12-25|497701
254|2025-12-28|471038
254|2025-12-29|397642
254|2025-12-30|409748
254|2026-01-01|479114
254|2026-01-04|1824671
254|2026-01-05|405287
254|2026-01-06|427439
254|2026-01-07|777531
254|2026-01-08|725294
254|2026-01-11|934435
254|2026-01-12|421111
254|2026-01-13|493295
254|2026-01-14|961540
254|2026-01-15|536916
254|2026-01-18|535436
254|2026-01-19|421124
254|2026-01-20|445284
254|2026-01-21|474182
254|2026-01-22|503172
254|2026-01-25|622751
254|2026-01-26|433234
254|2026-01-27|503011
254|2026-01-28|510365
254|2026-01-29|914114
254|2026-02-01|582021
254|2026-02-02|450140
254|2026-02-03|456019
254|2026-02-04|494961
254|2026-02-05|493984
254|2026-02-08|693285
254|2026-02-09|434702
254|2026-02-10|478004
254|2026-02-11|529595
254|2026-02-12|515677
254|2026-02-17|598221
254|2026-02-18|450953
254|2026-02-19|454226
254|2026-02-22|646647
254|2026-02-23|449100
254|2026-02-24|460647
254|2026-02-25|517500
254|2026-02-26|527262
254|2026-03-01|719197
254|2026-03-02|449910
254|2026-03-03|477733
254|2026-03-04|510661
254|2026-03-05|504099
254|2026-03-08|597658
254|2026-03-09|462029
254|2026-03-10|484284
254|2026-03-12|586188
254|2026-03-15|773282
254|2026-03-16|467110
254|2026-03-17|485987
254|2026-03-18|513993
254|2026-03-19|543456
254|2026-03-22|978034
254|2026-03-23|514775
254|2026-03-24|494254
254|2026-03-25|526247
254|2026-03-26|509717
254|2026-03-29|1500233
254|2026-03-30|523216
254|2026-03-31|485918
254|2026-04-01|530268
254|2026-04-06|481960
254|2026-04-07|506938
254|2026-04-08|585020
254|2026-04-09|686214
254|2026-04-12|663070
254|2026-04-13|489969
255|2025-07-01|17264
255|2025-07-02|25943
255|2025-07-03|20881
255|2025-07-06|13573
255|2025-07-07|15253
255|2025-07-08|16909
255|2025-07-09|14062
255|2025-07-10|7560
255|2025-07-13|8640
255|2025-07-14|18699
255|2025-07-15|16201
255|2025-07-16|15328
255|2025-07-17|16333
255|2025-07-20|18923
255|2025-07-21|15133
255|2025-07-22|13666
255|2025-07-23|14809
255|2025-07-24|13950
255|2025-07-27|12808
255|2025-07-28|12258
255|2025-07-29|7453
255|2025-07-30|13358
255|2025-07-31|12542
255|2025-08-03|251995
255|2025-08-04|39526
255|2025-08-05|160167
255|2025-08-06|227967
255|2025-08-07|99080
255|2025-08-10|144517
255|2025-08-11|40637
255|2025-08-12|33012
255|2025-08-13|1542533
255|2025-08-14|155808
255|2025-08-17|226909
255|2025-08-18|109110
255|2025-08-19|77981
255|2025-08-20|9221
255|2025-08-21|47078
255|2025-08-24|60742
255|2025-08-25|35962
255|2025-08-26|51106
255|2025-08-27|55001
255|2025-08-28|14450
255|2025-08-31|51567
255|2025-09-01|40066
255|2025-09-02|29650
255|2025-09-03|10205
255|2025-09-04|36818
255|2025-09-07|37816
255|2025-09-08|31014
255|2025-09-09|25580
255|2025-09-10|25600
255|2025-09-11|26030
255|2025-09-14|13655
255|2025-09-15|17778
255|2025-09-16|27834
255|2025-09-17|18861
255|2025-09-18|19464
255|2025-09-21|359990
255|2025-09-22|57439
255|2025-09-23|61790
255|2025-09-24|49853
255|2025-09-25|40628
255|2025-09-28|40964
255|2025-09-29|21752
255|2025-09-30|8407
255|2025-10-01|20940
255|2025-10-02|30248
255|2025-10-06|23030
255|2025-10-07|21223
255|2025-10-08|16586
255|2025-10-20|89663
255|2025-10-21|26098
255|2025-10-22|15034
255|2025-10-29|115110
255|2025-10-23|20000
255|2025-10-26|26505
255|2025-10-27|9339
255|2025-10-28|10458
255|2025-10-30|64171
255|2025-11-02|33113
255|2025-11-03|15577
255|2025-11-04|17929
255|2025-11-05|16483
255|2025-11-06|18156
255|2025-11-09|25624
255|2025-11-10|9230
255|2025-11-11|16030
255|2025-11-12|14965
255|2025-11-13|15874
255|2025-11-16|22304
255|2025-11-17|1702
255|2025-11-18|14383
255|2025-11-20|20495
255|2025-11-23|9255
255|2025-11-24|425
255|2025-11-25|12733
255|2025-11-26|12320
255|2025-11-27|12864
255|2025-11-30|17333
255|2025-12-01|997
255|2025-12-02|7597
255|2025-12-03|11196
255|2025-12-04|13415
255|2025-12-07|15348
255|2025-12-08|6169
255|2025-12-09|5684
255|2025-12-11|14847
255|2025-12-14|20253
255|2025-12-15|2959
255|2025-12-16|7566
255|2025-12-17|6526
255|2025-12-18|9689
255|2025-12-21|18866
255|2025-12-22|5349
255|2025-12-23|6260
255|2025-12-25|5953
255|2025-12-28|9161
255|2025-12-29|5396
255|2025-12-30|5912
255|2026-01-01|4798
255|2026-01-04|9242
255|2026-01-05|4461
255|2026-01-06|11406
255|2026-01-07|5984
255|2026-01-08|6006
255|2026-01-11|16783
255|2026-01-12|3479
255|2026-01-13|13822
255|2026-01-14|12331
255|2026-01-15|11933
255|2026-01-18|20316
255|2026-01-19|4890
255|2026-01-20|12294
255|2026-01-21|10947
255|2026-01-22|11089
255|2026-01-25|21476
255|2026-01-26|1608
255|2026-01-27|15022
255|2026-01-28|12974
255|2026-01-29|11671
255|2026-02-01|18885
255|2026-02-02|1445
255|2026-02-03|11800
255|2026-02-04|12177
255|2026-02-05|9405
255|2026-02-08|23920
255|2026-02-09|1026
255|2026-02-10|14638
255|2026-02-11|9879
255|2026-02-12|13413
255|2026-02-17|23071
255|2026-02-18|4446
255|2026-02-19|9011
255|2026-02-22|18522
255|2026-02-23|900
255|2026-02-24|15985
255|2026-02-25|13513
255|2026-02-26|9686
255|2026-03-01|72924
255|2026-03-02|5931
255|2026-03-03|18629
255|2026-03-04|12436
255|2026-03-05|16687
255|2026-03-08|26767
255|2026-03-09|1209
255|2026-03-10|13874
255|2026-03-12|18951
255|2026-03-15|24221
255|2026-03-16|7472
255|2026-03-17|10712
255|2026-03-18|13235
255|2026-03-19|9802
255|2026-03-22|23516
255|2026-03-23|5806
255|2026-03-24|10015
255|2026-03-25|8335
255|2026-03-26|12547
255|2026-03-29|858449
255|2026-03-30|62748
255|2026-03-31|9160
255|2026-04-01|27501
255|2026-04-05|135388
255|2026-04-06|39887
255|2026-04-07|42714
255|2026-04-08|33156
255|2026-04-09|124777
255|2026-04-12|19082
255|2026-04-13|19036
256|2025-07-01|24080
256|2025-07-02|111078
256|2025-07-03|162185
256|2025-07-06|747001
256|2025-07-07|58068
256|2025-07-08|370864
256|2025-07-09|363085
256|2025-07-10|27665
256|2025-07-13|720041
256|2025-07-14|24293
256|2025-07-15|395643
256|2025-07-16|384571
256|2025-07-17|28835
256|2025-07-20|394930
256|2025-07-21|38688
256|2025-07-22|380312
256|2025-07-23|400710
256|2025-07-24|218284
256|2025-07-27|154369
256|2025-07-28|30391
256|2025-07-29|57742
256|2025-07-30|31635
256|2025-07-31|336573
256|2025-08-03|78619
256|2025-08-04|1154329
256|2025-08-05|395072
256|2025-08-06|1087273
256|2025-08-07|253549
256|2025-08-10|252389
256|2025-08-11|8843
256|2025-08-12|1351618
256|2025-08-13|35958
256|2025-08-14|607006
256|2025-08-17|190808
256|2025-08-18|61380
256|2025-08-19|42484
256|2025-08-20|33014
256|2025-08-21|42153
256|2025-08-24|72485
256|2025-08-25|9732
256|2025-08-26|47954
256|2025-08-27|126453
256|2025-08-28|33570
256|2025-08-31|59208
256|2025-09-01|9187
256|2025-09-02|92269
256|2025-09-03|203958
256|2025-09-04|19909
256|2025-09-07|288522
256|2025-09-08|7662
256|2025-09-09|32616
256|2025-09-10|35562
256|2025-09-11|33520
256|2025-09-14|74419
256|2025-09-15|13261
256|2025-09-16|35273
256|2025-09-17|49451
256|2025-09-18|45482
256|2025-09-21|83984
256|2025-09-22|11153
256|2025-09-23|1355266
256|2025-09-24|62418
256|2025-09-25|38415
256|2025-09-28|304595
256|2025-09-29|33038
256|2025-09-30|55117
256|2025-10-01|39048
256|2025-10-02|160185
256|2025-10-06|9482
256|2025-10-07|41726
256|2025-10-08|48437
256|2025-10-20|853867
256|2025-10-21|62272
256|2025-10-22|39912
256|2025-10-29|65687
256|2025-10-23|37213
256|2025-10-26|76380
256|2025-10-27|6506
256|2025-10-28|71010
256|2025-11-02|81922
256|2025-11-03|7169
256|2025-11-04|61328
256|2025-11-05|71692
256|2025-11-06|254096
256|2025-11-09|97019
256|2025-11-10|6607
256|2025-11-11|66441
256|2025-11-12|37202
256|2025-11-13|44434
256|2025-11-16|81726
256|2025-11-17|10157
256|2025-11-18|49585
256|2025-11-20|90260
256|2025-11-23|55371
256|2025-11-24|7011
256|2025-11-25|59943
256|2025-11-26|34940
256|2025-11-27|36397
256|2025-11-30|72759
256|2025-12-01|4633
256|2025-12-02|50194
256|2025-12-03|83063
256|2025-12-04|319445
256|2025-12-07|69975
256|2025-12-08|4040
256|2025-12-09|48153
256|2025-12-11|61149
256|2025-12-14|78263
256|2025-12-15|4419
256|2025-12-16|48321
256|2025-12-17|31364
256|2025-12-18|28558
256|2025-12-21|69739
256|2025-12-22|4828
256|2025-12-23|48329
256|2025-12-25|39728
256|2025-12-28|31653
256|2025-12-29|4529
256|2025-12-30|44717
256|2026-01-01|34889
256|2026-01-04|53416
256|2026-01-05|5689
256|2026-01-06|278007
256|2026-01-07|34023
256|2026-01-08|41910
256|2026-01-11|74228
256|2026-01-12|5647
256|2026-01-13|66603
256|2026-01-14|35991
256|2026-01-15|36864
256|2026-01-18|77732
256|2026-01-19|6189
256|2026-01-20|76396
256|2026-01-21|36257
256|2026-01-22|42677
256|2026-01-25|114325
256|2026-01-26|8368
256|2026-01-27|74730
256|2026-01-28|41721
256|2026-01-29|41821
256|2026-02-01|90253
256|2026-02-02|6777
256|2026-02-03|67076
256|2026-02-04|68550
256|2026-02-05|153663
256|2026-02-08|90633
256|2026-02-09|5976
256|2026-02-10|59599
256|2026-02-11|42610
256|2026-02-12|41085
256|2026-02-17|83585
256|2026-02-18|5648
256|2026-02-19|55837
256|2026-02-22|91584
256|2026-02-23|12803
256|2026-02-24|40024
256|2026-02-25|56028
256|2026-02-26|35619
256|2026-03-01|86194
256|2026-03-02|5097
256|2026-03-03|61365
256|2026-03-04|64982
256|2026-03-05|222240
256|2026-03-08|76906
256|2026-03-09|7214
256|2026-03-10|50278
256|2026-03-12|76647
256|2026-03-15|253862
256|2026-03-16|5995
256|2026-03-17|57507
256|2026-03-18|27548
256|2026-03-19|60400
256|2026-03-22|444904
256|2026-03-23|6249
256|2026-03-24|64991
256|2026-03-25|24145
256|2026-03-26|40526
256|2026-03-29|5773724
256|2026-03-30|10314
256|2026-03-31|48103
256|2026-04-01|49045
256|2026-04-05|281617
256|2026-04-06|4276
256|2026-04-07|262158
256|2026-04-08|50250
256|2026-04-09|96694
256|2026-04-12|119395
256|2026-04-13|9181
257|2025-07-01|16687
257|2025-07-02|16994
257|2025-07-03|16316
257|2025-07-06|32786
257|2025-07-07|9590
257|2025-07-08|14777
257|2025-07-09|17730
257|2025-07-10|14882
257|2025-07-13|35032
257|2025-07-14|2861
257|2025-07-15|13747
257|2025-07-16|38237
257|2025-07-17|18193
257|2025-07-20|32562
257|2025-07-21|13424
257|2025-07-22|16637
257|2025-07-23|34305
257|2025-07-24|5869
257|2025-07-27|42052
257|2025-07-28|10930
257|2025-07-29|17828
257|2025-07-30|18175
257|2025-07-31|19586
257|2025-08-03|32238
257|2025-08-04|14007
257|2025-08-05|16542
257|2025-08-06|17997
257|2025-08-07|18268
257|2025-08-10|52574
257|2025-08-11|9754
257|2025-08-12|17697
257|2025-08-13|19090
257|2025-08-14|18817
257|2025-08-17|34146
257|2025-08-18|14537
257|2025-08-19|17553
257|2025-08-20|6218
257|2025-08-21|29606
257|2025-08-24|54975
257|2025-08-25|11466
257|2025-08-26|19751
257|2025-08-27|19977
257|2025-08-28|23166
257|2025-08-31|38800
257|2025-09-01|9992
257|2025-09-02|3308
257|2025-09-03|28475
257|2025-09-04|6812
257|2025-09-07|51969
257|2025-09-08|10433
257|2025-09-09|5599
257|2025-09-10|18724
257|2025-09-11|20712
257|2025-09-14|56096
257|2025-09-15|3946
257|2025-09-16|13304
257|2025-09-17|25786
257|2025-09-18|33644
257|2025-09-21|60541
257|2025-09-22|11785
257|2025-09-23|794940
257|2025-09-24|38843
257|2025-09-25|29305
257|2025-09-28|54721
257|2025-09-29|16513
257|2025-09-30|23383
257|2025-10-01|22934
257|2025-10-02|7258
257|2025-10-06|17027
257|2025-10-07|6607
257|2025-10-08|33942
257|2025-10-09|101803
257|2025-10-12|76789
257|2025-10-13|10907
257|2025-10-14|44811
257|2025-10-15|36869
257|2025-10-16|34922
257|2025-10-19|64067
257|2025-10-20|6515
257|2025-10-21|35295
257|2025-10-22|24617
257|2025-10-29|24456
257|2025-10-23|24635
257|2025-10-26|54679
257|2025-10-27|6449
257|2025-10-28|38823
257|2025-10-30|24037
257|2025-11-02|54736
257|2025-11-03|6181
257|2025-11-04|34653
257|2025-11-05|25213
257|2025-11-06|21566
257|2025-11-09|49859
257|2025-11-10|5720
257|2025-11-11|33701
257|2025-11-12|25789
257|2025-11-13|25675
257|2025-11-16|55399
257|2025-11-17|7200
257|2025-11-18|20093
257|2025-11-20|64684
257|2025-11-23|36562
257|2025-11-24|6047
257|2025-11-25|31317
257|2025-11-26|22933
257|2025-11-27|22946
257|2025-11-30|48133
257|2025-12-01|4169
257|2025-12-02|28704
257|2025-12-03|15022
257|2025-12-04|31373
257|2025-12-07|39100
257|2025-12-08|3806
257|2025-12-09|24934
257|2025-12-10|3388
257|2025-12-11|34933
257|2025-12-14|44403
257|2025-12-15|3922
257|2025-12-16|27190
257|2025-12-17|20394
257|2025-12-18|18034
257|2025-12-21|43606
257|2025-12-22|4338
257|2025-12-23|26654
257|2025-12-25|29617
257|2025-12-28|21345
257|2025-12-29|4257
257|2025-12-30|24001
257|2026-01-01|21002
257|2026-01-04|20156
257|2026-01-05|5112
257|2026-01-06|28965
257|2026-01-07|21386
257|2026-01-08|22748
257|2026-01-11|49865
257|2026-01-12|5148
257|2026-01-13|30690
257|2026-01-14|25815
257|2026-01-15|22709
257|2026-01-18|52827
257|2026-01-19|5492
257|2026-01-20|35570
257|2026-01-21|23187
257|2026-01-22|26629
257|2026-01-25|78823
257|2026-01-26|8149
257|2026-01-27|44940
257|2026-01-28|27741
257|2026-01-29|27171
257|2026-02-01|62770
257|2026-02-02|6449
257|2026-02-03|17975
257|2026-02-04|55573
257|2026-02-05|24672
257|2026-02-08|53515
257|2026-02-09|5829
257|2026-02-10|34502
257|2026-02-11|25019
257|2026-02-12|24793
257|2026-02-17|58246
257|2026-02-18|5386
257|2026-02-19|22518
257|2026-02-22|62158
257|2026-02-23|10299
257|2026-02-24|13101
257|2026-02-25|38549
257|2026-02-26|23750
257|2026-03-01|52015
257|2026-03-02|4937
257|2026-03-03|28817
257|2026-03-04|21109
257|2026-03-05|20699
257|2026-03-08|48212
257|2026-03-09|3940
257|2026-03-10|24529
257|2026-03-12|48999
257|2026-03-15|47697
257|2026-03-16|5525
257|2026-03-17|31166
257|2026-03-18|4912
257|2026-03-19|46055
257|2026-03-22|50902
257|2026-03-23|4789
257|2026-03-24|25812
257|2026-03-25|6004
257|2026-03-26|23414
257|2026-03-29|57944
257|2026-03-30|9916
257|2026-03-31|13497
257|2026-04-01|22029
257|2026-04-05|62478
257|2026-04-06|3880
257|2026-04-07|17281
257|2026-04-08|33990
257|2026-04-09|6284
257|2026-04-12|56550
257|2026-04-13|4037
258|2025-07-01|18710
258|2025-07-02|19292
258|2025-07-03|18108
258|2025-07-06|37035
258|2025-07-07|7316
258|2025-07-08|15899
258|2025-07-09|19646
258|2025-07-10|16850
258|2025-07-13|38900
258|2025-07-14|8393
258|2025-07-15|18261
258|2025-07-16|21277
258|2025-07-17|20127
258|2025-07-20|36688
258|2025-07-21|14417
258|2025-07-22|19216
258|2025-07-23|37880
258|2025-07-24|6384
258|2025-07-27|47084
258|2025-07-28|8181
258|2025-07-29|19438
258|2025-07-30|19918
258|2025-07-31|22466
258|2025-08-03|35409
258|2025-08-04|13680
258|2025-08-05|19848
258|2025-08-06|20240
258|2025-08-07|20892
258|2025-08-10|54565
258|2025-08-11|8073
258|2025-08-12|20163
258|2025-08-13|21340
258|2025-08-14|20580
258|2025-08-17|38719
258|2025-08-18|14950
258|2025-08-19|20696
258|2025-08-20|8900
258|2025-08-21|35704
258|2025-08-24|57760
258|2025-08-25|8968
258|2025-08-26|21724
258|2025-08-27|22111
258|2025-08-28|21949
258|2025-08-31|42558
258|2025-09-01|8583
258|2025-09-02|5470
258|2025-09-03|33676
258|2025-09-04|6220
258|2025-09-07|56273
258|2025-09-08|9764
258|2025-09-09|7289
258|2025-09-10|21785
258|2025-09-11|22681
258|2025-09-14|62244
258|2025-09-15|12384
258|2025-09-16|8489
258|2025-09-17|25926
258|2025-09-18|37683
258|2025-09-21|68620
258|2025-09-22|19318
258|2025-09-23|784090
258|2025-09-24|40936
258|2025-09-25|29675
258|2025-09-28|61770
258|2025-09-29|13208
258|2025-09-30|25946
258|2025-10-01|30786
258|2025-10-02|6259
258|2025-10-06|12892
258|2025-10-07|10693
258|2025-10-08|42450
258|2025-10-09|70822
258|2025-10-12|83778
258|2025-10-13|13122
258|2025-10-14|53466
258|2025-10-15|42308
258|2025-10-16|47503
258|2025-10-19|73198
258|2025-10-20|19513
258|2025-10-21|22147
258|2025-10-22|31479
258|2025-10-29|30446
258|2025-10-23|29741
258|2025-10-26|64916
258|2025-10-27|17453
258|2025-10-28|32020
258|2025-10-30|32279
258|2025-11-02|66026
258|2025-11-03|25060
258|2025-11-04|23677
258|2025-11-05|29424
258|2025-11-06|28388
258|2025-11-09|61198
258|2025-11-10|18152
258|2025-11-11|29218
258|2025-11-12|32303
258|2025-11-13|32592
258|2025-11-16|71931
258|2025-11-17|20660
258|2025-11-18|5916
258|2025-11-20|77168
258|2025-11-23|45076
258|2025-11-24|13779
258|2025-11-25|28336
258|2025-11-26|26873
258|2025-11-27|29094
258|2025-11-30|54098
258|2025-12-01|15256
258|2025-12-02|22791
258|2025-12-03|21990
258|2025-12-04|23281
258|2025-12-07|44190
258|2025-12-08|11754
258|2025-12-09|25114
258|2025-12-10|2611
258|2025-12-11|39087
258|2025-12-14|44971
258|2025-12-15|15805
258|2025-12-16|19249
258|2025-12-17|27027
258|2025-12-18|20072
258|2025-12-21|48752
258|2025-12-22|10958
258|2025-12-23|19723
258|2025-12-25|27173
258|2025-12-28|29340
258|2025-12-29|9642
258|2025-12-30|16718
258|2026-01-01|20950
258|2026-01-04|30870
258|2026-01-05|14763
258|2026-01-06|25041
258|2026-01-07|29322
258|2026-01-08|27041
258|2026-01-11|57050
258|2026-01-12|15293
258|2026-01-13|27042
258|2026-01-14|31579
258|2026-01-15|27998
258|2026-01-18|64644
258|2026-01-19|14076
258|2026-01-20|29851
258|2026-01-21|32356
258|2026-01-22|34886
258|2026-01-25|84979
258|2026-01-26|17200
258|2026-01-27|33642
258|2026-01-28|34800
258|2026-01-29|31589
258|2026-02-01|71580
258|2026-02-02|15262
258|2026-02-03|26554
258|2026-02-04|31373
258|2026-02-05|29114
258|2026-02-08|59737
258|2026-02-09|15123
258|2026-02-10|26747
258|2026-02-11|28750
258|2026-02-12|32596
258|2026-02-17|66806
258|2026-02-18|9707
258|2026-02-19|7605
258|2026-02-22|68251
258|2026-02-23|18246
258|2026-02-24|8026
258|2026-02-25|43523
258|2026-02-26|26695
258|2026-03-01|57203
258|2026-03-08|48293
258|2026-03-09|16277
258|2026-03-10|16652
258|2026-03-12|57435
258|2026-03-15|54615
258|2026-03-16|14666
258|2026-03-17|25507
258|2026-03-18|7752
258|2026-03-19|51431
258|2026-03-22|56373
258|2026-03-23|12871
258|2026-03-24|20860
258|2026-03-25|10780
258|2026-03-26|27215
258|2026-03-29|68440
258|2026-03-30|12855
258|2026-03-31|6708
258|2026-04-01|24839
258|2026-04-05|72153
258|2026-04-06|9037
258|2026-04-07|7697
258|2026-04-08|37296
258|2026-04-09|9192
258|2026-04-12|60858
258|2026-04-13|10742
260|2025-07-09|6
260|2025-07-13|2
260|2025-07-16|16
260|2025-07-20|3
260|2025-07-27|13
260|2025-08-03|1
260|2025-08-17|3
260|2025-08-24|17
260|2025-08-31|2
260|2025-09-14|2
260|2025-09-17|10
260|2025-10-02|1
260|2025-10-08|15
260|2025-10-12|7
260|2025-10-19|1
260|2025-10-22|5
260|2025-10-29|27
260|2025-11-12|11
260|2025-11-20|1
260|2025-11-30|6
260|2025-12-07|4
260|2025-12-14|6
260|2025-12-21|7
260|2025-12-28|11
260|2026-01-04|3
260|2026-01-18|10
260|2026-01-25|2
260|2026-02-08|9
260|2026-02-22|6
260|2026-03-01|2
260|2026-03-08|2
260|2026-03-15|15
260|2026-03-22|1
260|2026-03-29|6
260|2026-04-12|12
263|2025-07-01|12380
263|2025-07-02|616022
263|2025-07-03|585673
263|2025-07-06|554219
263|2025-07-07|1553565
263|2025-07-08|10646
263|2025-07-09|595597
263|2025-07-10|421715
263|2025-07-13|575127
263|2025-07-14|6992
263|2025-07-15|1424036
263|2025-07-16|534522
263|2025-07-17|442255
263|2025-07-20|424151
263|2025-07-21|1014346
263|2025-07-22|10729
263|2025-07-23|419036
263|2025-07-24|408418
263|2025-07-27|395416
263|2025-07-28|875907
263|2025-07-29|9121
263|2025-07-30|409653
263|2025-07-31|484270
263|2025-08-03|643106
263|2025-08-04|5083
263|2025-08-05|1774198
263|2025-08-06|619905
263|2025-08-07|766697
263|2025-08-10|735403
263|2025-08-11|1183729
263|2025-08-12|10827
263|2025-08-13|463103
263|2025-08-14|416560
263|2025-08-17|420674
263|2025-08-18|950809
263|2025-08-19|8357
263|2025-08-20|400231
263|2025-08-21|513859
263|2025-08-24|454201
263|2025-08-25|861538
263|2025-08-26|8574
263|2025-08-27|394287
263|2025-08-28|403232
263|2025-08-31|424034
263|2025-09-01|4184
263|2025-09-02|1745941
263|2025-09-03|4265
263|2025-09-04|1063880
263|2025-09-07|536906
263|2025-09-08|1572456
263|2025-09-09|8408
263|2025-09-10|506260
263|2025-09-11|501357
263|2025-09-14|457434
263|2025-09-15|6113
263|2025-09-16|1380573
263|2025-09-17|416235
263|2025-09-18|389078
263|2025-09-21|390126
263|2025-09-22|5619
263|2025-09-23|1375211
263|2025-09-24|397650
263|2025-09-25|385843
263|2025-09-28|390950
263|2025-09-29|854072
263|2025-09-30|4279
263|2025-10-01|615949
263|2025-10-02|592864
263|2025-10-06|1229462
263|2025-10-07|8760
263|2025-10-08|689361
263|2025-10-09|531463
263|2025-10-12|472967
263|2025-10-13|999407
263|2025-10-14|9513
263|2025-10-15|398446
263|2025-10-16|470843
263|2025-10-19|399236
263|2025-10-20|854244
263|2025-10-21|3809
263|2025-10-22|9334
263|2025-10-29|367926
263|2025-10-23|3700
263|2025-10-26|23480
263|2025-10-27|826114
263|2025-10-28|8421
263|2025-10-30|387703
263|2025-11-02|432300
263|2025-11-03|9646
263|2025-11-04|1651390
263|2025-11-05|554164
263|2025-11-06|577987
263|2025-11-09|726113
263|2025-11-10|1293310
263|2025-11-11|0
263|2025-11-12|463542
263|2025-11-13|402901
263|2025-11-16|22383
263|2025-11-17|4237
263|2025-11-18|1294119
263|2025-11-20|379288
263|2025-11-23|750712
263|2025-11-24|405740
263|2025-11-25|8717
263|2025-11-26|429590
263|2025-11-27|411979
263|2025-11-30|426242
263|2025-12-01|4701
263|2025-12-02|1427537
263|2025-12-03|8595
263|2025-12-04|1072579
263|2025-12-07|18001
263|2025-12-08|3526
263|2025-12-09|12170
263|2025-12-10|482921
263|2025-12-11|504275
263|2025-12-14|450393
263|2025-12-15|9524
263|2025-12-16|3934
263|2025-12-17|442112
263|2025-12-18|8353
263|2025-12-21|15699
263|2025-12-22|1400411
263|2025-12-23|17766
263|2025-12-25|546693
263|2025-12-28|486757
263|2025-12-29|396803
263|2025-12-30|11478
263|2026-01-01|589480
263|2026-01-04|506040
263|2026-01-05|431537
263|2026-01-06|9917
263|2026-01-07|541161
263|2026-01-08|679539
263|2026-01-11|612635
263|2026-01-12|5951
263|2026-01-13|6277
263|2026-01-14|391126
263|2026-01-15|7703
263|2026-01-18|411983
263|2026-01-19|808877
263|2026-01-20|8298
263|2026-01-21|8916
263|2026-01-22|405061
263|2026-01-25|343512
263|2026-01-26|10177
263|2026-01-27|11453
263|2026-01-28|11604
263|2026-01-29|11657
263|2026-02-01|365456
263|2026-02-02|11529
263|2026-02-03|1576785
263|2026-02-04|7621
263|2026-02-05|8177
263|2026-02-08|531688
263|2026-02-09|1387418
263|2026-02-10|8828
263|2026-02-11|502554
263|2026-02-12|8766
263|2026-02-17|396758
263|2026-02-18|11928
263|2026-02-19|1572014
263|2026-02-22|388627
263|2026-02-23|4608
263|2026-02-24|11497
263|2026-02-25|356637
263|2026-02-26|380426
263|2026-03-01|355216
263|2026-03-02|4269
263|2026-03-03|1595124
263|2026-03-04|500725
263|2026-03-05|452587
263|2026-03-08|544638
263|2026-03-09|1327982
263|2026-03-10|8965
263|2026-03-11|462710
263|2026-03-12|7408
263|2026-03-15|20540
263|2026-03-16|824631
263|2026-03-17|7691
263|2026-03-18|341743
263|2026-03-19|7299
263|2026-03-22|304980
263|2026-03-23|9475
263|2026-03-24|1238218
263|2026-03-25|323590
263|2026-03-26|353606
263|2026-03-29|331585
263|2026-03-30|766221
263|2026-03-31|7970
263|2026-04-01|502576
263|2026-04-05|530190
263|2026-04-06|9583
263|2026-04-07|8907
263|2026-04-08|10590
263|2026-04-09|598701
263|2026-04-12|26736
263|2026-04-13|7379
